rs10774624	Rheumatoid arthritis	skeletal	G	35	rheumatoid arthritis	111833788	rs3184504			T		parental longevity	111884608	36	12
rs10774624	Rheumatoid arthritis	skeletal	G	35	rheumatoid arthritis	111833788	rs7137828			C		parental longevity	111932800	56	12
rs11065979			C		parental longevity	112059557	rs3184504	Rheumatoid arthritis	skeletal	T	35	rheumatoid arthritis	111884608	4197	12
rs3184504	Rheumatoid arthritis	skeletal	T	35	rheumatoid arthritis	111884608	rs7137828			C		parental longevity	111932800	4997	12
rs1317286			A		parental longevity	78896129	rs8034191	Chronic obstructive pulmonary disease	respiratory	C	40	chronic obstructive pulmonary disease	78806023	1023	15
rs1317286			A		parental longevity	78896129	rs17486278	Chronic obstructive pulmonary disease	respiratory	C	40	chronic obstructive pulmonary disease	78867482	1032	15
rs1317286			A		parental longevity	78896129	rs12914385	Chronic obstructive pulmonary disease	respiratory	T	40	chronic obstructive pulmonary disease	78898723	1053	15
rs17486278	Chronic obstructive pulmonary disease	respiratory	C	40	chronic obstructive pulmonary disease	78867482	rs8042849			C		parental longevity	78817929	3926	15
rs17486278	Chronic obstructive pulmonary disease	respiratory	C	40	chronic obstructive pulmonary disease	78867482	rs951266			G		parental longevity	78878541	3928	15
rs11065979			C		parental longevity	112059557	rs653178	Sarcoidosis	respiratory	C	25	Sarcoidosis	112007756	4265	12
rs3184504			T		parental longevity	111884608	rs653178	Sarcoidosis	respiratory	C	25	Sarcoidosis	112007756	5103	12
rs951266			G		parental longevity	78878541	rs8034191	Chronic obstructive pulmonary disease	respiratory	C	40	chronic obstructive pulmonary disease	78806023	6904	15
rs951266			G		parental longevity	78878541	rs12914385	Chronic obstructive pulmonary disease	respiratory	T	40	chronic obstructive pulmonary disease	78898723	6934	15
rs653178	Sarcoidosis	respiratory	C	25	Sarcoidosis	112007756	rs7137828			C		parental longevity	111932800	10277	12
rs8034191	Chronic obstructive pulmonary disease	respiratory	C	40	chronic obstructive pulmonary disease	78806023	rs8042849			C		parental longevity	78817929	10975	15
rs10757272	Endometriosis	reproductive	C	21	endometriosis	22088260	rs1556516			G		parental longevity	22100176	6142	9
rs10757272	Endometriosis	reproductive	C	21	endometriosis	22088260	rs1333042			A		parental longevity	22103813	6150	9
rs10774624	Vitiligo	immune	G	19	Vitiligo	111833788	rs3184504			T		parental longevity	111884608	45	12
rs10774624	Vitiligo	immune	G	19	Vitiligo	111833788	rs7137828			C		parental longevity	111932800	63	12
rs4713555	Atopic dermatitis	immune	G	1	atopic eczema	32575524	rs28383322			C		parental longevity	32592796	1724	6
rs10774625	Systemic lupus erythematosus	immune	A	19	systemic lupus erythematosus	111910219	rs3184504			T		parental longevity	111884608	1856	12
rs10774625	Systemic lupus erythematosus	immune	A	19	systemic lupus erythematosus	111910219	rs7137828			C		parental longevity	111932800	1870	12
rs597808	Systemic lupus erythematosus	immune	A	19	systemic lupus erythematosus	111973358	rs3184504			T		parental longevity	111884608	4094	12
rs597808	Systemic lupus erythematosus	immune	A	19	systemic lupus erythematosus	111973358	rs7137828			C		parental longevity	111932800	4112	12
rs597808	Systemic lupus erythematosus	immune	A	19	systemic lupus erythematosus	111973358	rs11065979			C		parental longevity	112059557	4140	12
rs11065979	Psoriasis	immune	T	28	psoriasis	112059557	rs3184504			T		parental longevity	111884608	4190	12
rs11065979			C		parental longevity	112059557	rs3184504	Type 1 diabetes	immune	T	4	type I diabetes mellitus	111884608	4198	12
rs11065979	Psoriasis	immune	T	28	psoriasis	112059557	rs7137828			C		parental longevity	111932800	4216	12
rs11065979			C		parental longevity	112059557	rs653178	Systemic lupus erythematosus	immune	C	19	systemic lupus erythematosus	112007756	4266	12
rs11065979			C		parental longevity	112059557	rs653178	Type 1 diabetes	immune	C	4	type I diabetes mellitus	112007756	4267	12
rs11065979	Psoriasis	immune	T	28	psoriasis	112059557	rs11513729			C		parental longevity	112273499	4278	12
rs17630235	Systemic lupus erythematosus	immune	A	19	systemic lupus erythematosus	112591686	rs11513729			C		parental longevity	112273499	4750	12
rs17630235	Systemic lupus erythematosus	immune	A	19	systemic lupus erythematosus	112591686	rs17696736			A		parental longevity	112486818	4755	12
rs17630235			G		parental longevity	112591686	rs17696736	Type 1 diabetes	immune	G	4	type I diabetes mellitus	112486818	4758	12
rs17630235	Systemic lupus erythematosus	immune	A	19	systemic lupus erythematosus	112591686	rs11066309			G		parental longevity	112883476	4760	12
rs3184504			T		parental longevity	111884608	rs35350651	Allergic rhinitis	immune	C	8	allergic rhinitis	111907431	4933	12
rs3184504	Type 1 diabetes	immune	T	4	type I diabetes mellitus	111884608	rs7137828			C		parental longevity	111932800	5004	12
rs3184504			T		parental longevity	111884608	rs653178	Systemic lupus erythematosus	immune	C	19	systemic lupus erythematosus	112007756	5104	12
rs3184504			T		parental longevity	111884608	rs653178	Type 1 diabetes	immune	C	4	type I diabetes mellitus	112007756	5105	12
rs11513729			C		parental longevity	112273499	rs17696736	Type 1 diabetes	immune	G	4	type I diabetes mellitus	112486818	6166	12
rs35350651	Allergic rhinitis	immune	C	8	allergic rhinitis	111907431	rs7137828			C		parental longevity	111932800	8700	12
rs17696736	Type 1 diabetes	immune	G	4	type I diabetes mellitus	112486818	rs11066309			G		parental longevity	112883476	10115	12
rs653178	Systemic lupus erythematosus	immune	C	19	systemic lupus erythematosus	112007756	rs7137828			C		parental longevity	111932800	10284	12
rs653178	Type 1 diabetes	immune	C	4	type I diabetes mellitus	112007756	rs7137828			C		parental longevity	111932800	10291	12
rs11065979			C		parental longevity	112059557	rs653178	Chronic kidney disease	kidney	T	60	cystatin C measurement, chronic kidney disease	112007756	4261	12
rs3184504			T		parental longevity	111884608	rs653178	Chronic kidney disease	kidney	T	60	cystatin C measurement, chronic kidney disease	112007756	5099	12
rs653178	Chronic kidney disease	kidney	T	60	cystatin C measurement, chronic kidney disease	112007756	rs7137828			C		parental longevity	111932800	10249	12
rs56289821	Coronary heart disease	cardio	G	50	coronary artery disease	11188247	rs6511720			G		parental longevity	11202306	279	19
rs10455872	Aortic valve stenosis	cardio	G	75	aortic stenosis	161010118	rs55730499			T		parental longevity	161005610	378	6
rs10455872	Coronary heart disease	cardio	G	50	coronary artery disease	161010118	rs55730499			T		parental longevity	161005610	384	6
rs10455872	Myocardial infarction	cardio	G	50	myocardial infarction	161010118	rs55730499			T		parental longevity	161005610	390	6
rs2891168	Coronary heart disease	cardio	A	50	coronary artery disease	22098619	rs1556516			G		parental longevity	22100176	538	9
rs2891168	Myocardial infarction	cardio	G	50	myocardial infarction	22098619	rs1556516			G		parental longevity	22100176	542	9
rs2891168	Coronary heart disease	cardio	A	50	coronary artery disease	22098619	rs1333042			A		parental longevity	22103813	546	9
rs2891168	Myocardial infarction	cardio	G	50	myocardial infarction	22098619	rs1333042			A		parental longevity	22103813	547	9
rs10738607	Coronary heart disease	cardio	G	50	coronary artery disease	22088094	rs1556516			G		parental longevity	22100176	614	9
rs10738607	Myocardial infarction	cardio	G	50	myocardial infarction	22088094	rs1556516			G		parental longevity	22100176	618	9
rs10738607	Coronary heart disease	cardio	G	50	coronary artery disease	22088094	rs1333042			A		parental longevity	22103813	622	9
rs10738607	Myocardial infarction	cardio	G	50	myocardial infarction	22088094	rs1333042			A		parental longevity	22103813	623	9
rs11673093	Coronary heart disease	cardio	A	50	coronary artery disease	45742094	rs74444983			T		parental longevity	45745607	841	19
rs4845625	Coronary heart disease	cardio	T	50	coronary artery disease	154422067	rs6689306			A		parental longevity	154395946	1021	1
rs17724992			A		parental longevity	18454825	rs113230003	Coronary heart disease	cardio	A	50	coronary artery disease	18460956	1076	19
rs10774625	Coronary heart disease	cardio	A	50	coronary artery disease	111910219	rs3184504			T		parental longevity	111884608	1847	12
rs10774625	Coronary heart disease	cardio	A	50	coronary artery disease	111910219	rs7137828			C		parental longevity	111932800	1863	12
rs602633			T		parental longevity	109821511	rs7528419	Coronary heart disease	cardio	A	50	coronary artery disease	109817192	1912	1
rs602633			T		parental longevity	109821511	rs7528419	Myocardial infarction	cardio	A	50	myocardial infarction	109817192	1913	1
rs602633			T		parental longevity	109821511	rs12740374	Coronary heart disease	cardio	T	50	coronary artery disease	109817590	1918	1
rs602633			T		parental longevity	109821511	rs646776	Coronary heart disease	cardio	T	50	coronary heart disease	109818530	1924	1
rs602633			T		parental longevity	109821511	rs646776	Myocardial infarction	cardio	T	50	myocardial infarction	109818530	1925	1
rs602633			T		parental longevity	109821511	rs599839	Coronary heart disease	cardio	A	50	coronary heart disease	109822166	1930	1
rs6475606	Intracranial aneurysm	cardio	T	50	brain aneurysm	22081850	rs1556516			G		parental longevity	22100176	2078	9
rs6475606	Intracranial aneurysm	cardio	T	50	brain aneurysm	22081850	rs1333042			A		parental longevity	22103813	2082	9
rs633185			G		parental longevity	100593538	rs604723	Coronary heart disease	cardio	T	50	coronary artery disease	100610546	2086	11
rs12118721	Myocardial infarction	cardio	T	50	myocardial infarction	154397416	rs6689306			A		parental longevity	154395946	2875	1
rs10757274	Abdominal aortic aneurysm	cardio	A	50	Abdominal Aortic Aneurysm	22096055	rs1556516			G		parental longevity	22100176	3232	9
rs10757274	Coronary heart disease	cardio	G	50	coronary heart disease	22096055	rs1556516			G		parental longevity	22100176	3236	9
rs10757274	Abdominal aortic aneurysm	cardio	A	50	Abdominal Aortic Aneurysm	22096055	rs1333042			A		parental longevity	22103813	3240	9
rs10757274	Coronary heart disease	cardio	G	50	coronary heart disease	22096055	rs1333042			A		parental longevity	22103813	3241	9
rs11065979			C		parental longevity	112059557	rs3184504	Coronary heart disease	cardio	T	50	coronary artery disease	111884608	4193	12
rs11065979			C		parental longevity	112059557	rs7137828	Coronary heart disease	cardio	T	50	coronary artery disease	111932800	4221	12
rs11065979			C		parental longevity	112059557	rs653178	Myocardial infarction	cardio	C	50	myocardial infarction	112007756	4263	12
rs11065979			C		parental longevity	112059557	rs653178	Peripheral artery disease	cardio	C	50	peripheral arterial disease	112007756	4264	12
rs17630235			G		parental longevity	112591686	rs17696736	Ischemic stroke	cardio	G	65	stroke	112486818	4756	12
rs3184504	Coronary heart disease	cardio	T	50	coronary artery disease	111884608	rs7137828			C		parental longevity	111932800	4969	12
rs3184504			T		parental longevity	111884608	rs653178	Myocardial infarction	cardio	C	50	myocardial infarction	112007756	5101	12
rs3184504			T		parental longevity	111884608	rs653178	Peripheral artery disease	cardio	C	50	peripheral arterial disease	112007756	5102	12
rs55791371	Coronary heart disease	cardio	A	50	coronary artery disease	11188153	rs6511720			G		parental longevity	11202306	5432	19
rs55791371	Myocardial infarction	cardio	A	50	myocardial infarction	11188153	rs6511720			G		parental longevity	11202306	5435	19
rs10757272	Intracranial aneurysm	cardio	T	50	brain aneurysm	22088260	rs1556516			G		parental longevity	22100176	6146	9
rs10757272	Intracranial aneurysm	cardio	T	50	brain aneurysm	22088260	rs1333042			A		parental longevity	22103813	6151	9
rs11513729			C		parental longevity	112273499	rs17696736	Ischemic stroke	cardio	G	65	stroke	112486818	6164	12
rs4977574	Coronary heart disease	cardio	A	50	coronary artery disease	22098574	rs1556516			G		parental longevity	22100176	6481	9
rs4977574	Myocardial infarction	cardio	G	50	myocardial infarction	22098574	rs1556516			G		parental longevity	22100176	6485	9
rs4977574	Coronary heart disease	cardio	A	50	coronary artery disease	22098574	rs1333042			A		parental longevity	22103813	6489	9
rs4977574	Myocardial infarction	cardio	G	50	myocardial infarction	22098574	rs1333042			A		parental longevity	22103813	6490	9
rs17514846			C		parental longevity	91416550	rs2071382	Coronary heart disease	cardio	T	50	coronary artery disease	91428197	6615	15
rs10757278	Myocardial infarction	cardio	G	50	myocardial infarction	22124477	rs1556516			G		parental longevity	22100176	7095	9
rs10757278	Myocardial infarction	cardio	G	50	myocardial infarction	22124477	rs1333042			A		parental longevity	22103813	7099	9
rs10757278	Myocardial infarction	cardio	G	50	myocardial infarction	22124477	rs1333045			T		parental longevity	22119195	7102	9
rs1333042			A		parental longevity	22103813	rs1537370	Coronary heart disease	cardio	T	50	coronary artery calcification	22084310	7896	9
rs1333042			A		parental longevity	22103813	rs944797	Coronary heart disease	cardio	C	50	coronary heart disease	22115286	7911	9
rs1333042			A		parental longevity	22103813	rs2383207	Abdominal aortic aneurysm	cardio	G	50	Abdominal Aortic Aneurysm	22115959	7912	9
rs17696736	Ischemic stroke	cardio	G	65	stroke	112486818	rs11066309			G		parental longevity	112883476	10113	12
rs653178	Myocardial infarction	cardio	C	50	myocardial infarction	112007756	rs7137828			C		parental longevity	111932800	10263	12
rs653178	Peripheral artery disease	cardio	C	50	peripheral arterial disease	112007756	rs7137828			C		parental longevity	111932800	10270	12
rs1537370	Coronary heart disease	cardio	T	50	coronary artery calcification	22084310	rs1556516			G		parental longevity	22100176	11163	9
rs2383207	Abdominal aortic aneurysm	cardio	G	50	Abdominal Aortic Aneurysm	22115959	rs1556516			G		parental longevity	22100176	11645	9
rs2383207	Abdominal aortic aneurysm	cardio	G	50	Abdominal Aortic Aneurysm	22115959	rs1333045			T		parental longevity	22119195	11651	9
rs944797	Coronary heart disease	cardio	C	50	coronary heart disease	22115286	rs1556516			G		parental longevity	22100176	12230	9
rs944797	Coronary heart disease	cardio	C	50	coronary heart disease	22115286	rs1333045			T		parental longevity	22119195	12236	9
rs11065979			C		parental longevity	112059557	rs3184504	Celiac disease	metabolic	C	8	celiac disease	111884608	4191	12
rs11065979			C		parental longevity	112059557	rs3184504	Colorectal cancer	metabolic	C	50	colorectal cancer	111884608	4192	12
rs11065979			C		parental longevity	112059557	rs3184504	Primary sclerosing cholangitis	metabolic	T	20	sclerosing cholangitis	111884608	4196	12
rs11065979			C		parental longevity	112059557	rs653178	Celiac disease	metabolic	C	8	celiac disease	112007756	4260	12
rs11065979			C		parental longevity	112059557	rs653178	Crohn's disease	metabolic	C	15	Crohn's disease	112007756	4262	12
rs3184504	Celiac disease	metabolic	C	8	celiac disease	111884608	rs7137828			C		parental longevity	111932800	4955	12
rs3184504	Colorectal cancer	metabolic	C	50	colorectal cancer	111884608	rs7137828			C		parental longevity	111932800	4962	12
rs3184504	Primary sclerosing cholangitis	metabolic	T	20	sclerosing cholangitis	111884608	rs7137828			C		parental longevity	111932800	4990	12
rs3184504			T		parental longevity	111884608	rs653178	Celiac disease	metabolic	C	8	celiac disease	112007756	5098	12
rs3184504			T		parental longevity	111884608	rs653178	Crohn's disease	metabolic	C	15	Crohn's disease	112007756	5100	12
rs653178	Celiac disease	metabolic	C	8	celiac disease	112007756	rs7137828			C		parental longevity	111932800	10242	12
rs653178	Crohn's disease	metabolic	C	15	Crohn's disease	112007756	rs7137828			C		parental longevity	111932800	10256	12
rs11065979			C		parental longevity	112059557	rs7137828	Glaucoma	nervous	T	40	open-angle glaucoma	111932800	4222	12
rs3184504			T		parental longevity	111884608	rs7137828	Glaucoma	nervous	T	40	open-angle glaucoma	111932800	5010	12
rs17514846			C		parental longevity	91416550	rs11539637	Schizophrenia	nervous	T	13	schizophrenia	91428290	6619	15
rs597808	Hypothyroidism	endocrine	A	60	hypothyroidism	111973358	rs3184504			T		parental longevity	111884608	4085	12
rs597808	Hypothyroidism	endocrine	A	60	hypothyroidism	111973358	rs7137828			C		parental longevity	111932800	4105	12
rs597808	Hypothyroidism	endocrine	A	60	hypothyroidism	111973358	rs11065979			C		parental longevity	112059557	4136	12
rs1317286			A		parental longevity	78896129	rs55853698	Small cell lung carcinoma	cancer	G	60	small cell lung carcinoma	78857939	1029	15
rs1317286			A		parental longevity	78896129	rs1051730	Lung cancer	cancer	A	40	lung adenocarcinoma	78894339	1044	15
rs1317286			A		parental longevity	78896129	rs8040868	Squamous cell carcinoma	cancer	C	70	squamous cell lung carcinoma	78911181	1056	15
rs11552449			C		parental longevity	114448389	rs7513707	Breast cancer	cancer	A	55	breast carcinoma	114445880	1661	1
rs11065979	Primary biliary cholangitis	cancer	T	39	primary biliary cirrhosis	112059557	rs3184504			T		parental longevity	111884608	4172	12
rs11065979			C		parental longevity	112059557	rs3184504	Endometrial cancer	cancer	C	58	endometrial carcinoma	111884608	4194	12
rs11065979	Primary biliary cholangitis	cancer	T	39	primary biliary cirrhosis	112059557	rs7137828			C		parental longevity	111932800	4202	12
rs11065979			C		parental longevity	112059557	rs11065987	Primary biliary cholangitis	cancer	G	39	primary biliary cirrhosis	112072424	4274	12
rs11065979	Primary biliary cholangitis	cancer	T	39	primary biliary cirrhosis	112059557	rs11513729			C		parental longevity	112273499	4276	12
rs3184504	Endometrial cancer	cancer	C	58	endometrial carcinoma	111884608	rs7137828			C		parental longevity	111932800	4976	12
rs11513729			C		parental longevity	112273499	rs11065987	Primary biliary cholangitis	cancer	G	39	primary biliary cirrhosis	112072424	6162	12
rs951266			G		parental longevity	78878541	rs55853698	Small cell lung carcinoma	cancer	G	60	small cell lung carcinoma	78857939	6910	15
rs951266			G		parental longevity	78878541	rs1051730	Lung cancer	cancer	A	40	lung adenocarcinoma	78894339	6916	15
rs951266			G		parental longevity	78878541	rs8040868	Squamous cell carcinoma	cancer	C	70	squamous cell lung carcinoma	78911181	6937	15
rs11065987	Primary biliary cholangitis	cancer	G	39	primary biliary cirrhosis	112072424	rs17696736			A		parental longevity	112486818	8010	12
rs1051730	Lung cancer	cancer	A	40	lung adenocarcinoma	78894339	rs8042849			C		parental longevity	78817929	8967	15
rs8042849			C		parental longevity	78817929	rs55853698	Small cell lung carcinoma	cancer	G	60	small cell lung carcinoma	78857939	12924	15
